<?xml version="1.0" encoding="UTF-8"?>
<project-private xmlns="http://www.netbeans.org/ns/project-private/1">
    <editor-bookmarks xmlns="http://www.netbeans.org/ns/editor-bookmarks/1"/>
    <open-files xmlns="http://www.netbeans.org/ns/projectui-open-files/1">
        <file>file:/D:/users/sk/repos/tutorial/src/deployment/webstart/examples/webstart_ComponentArch_DynamicTreeDemo/build.xml</file>
        <file>file:/D:/users/sk/repos/tutorial/src/deployment/webstart/examples/webstart_ComponentArch_DynamicTreeDemo/src/JavaWebStartAppPage.html</file>
        <file>file:/D:/users/sk/repos/tutorial/src/deployment/webstart/examples/webstart_ComponentArch_DynamicTreeDemo/src/dynamictree-webstart.jnlp</file>
        <file>file:/D:/users/sk/repos/tutorial/src/deployment/webstart/examples/webstart_ComponentArch_DynamicTreeDemo/src/webstartComponentArch/DynamicTree.java</file>
        <file>file:/D:/users/sk/repos/tutorial/src/deployment/webstart/examples/webstart_ComponentArch_DynamicTreeDemo/src/webstartComponentArch/DynamicTreeApplication.java</file>
    </open-files>
</project-private>
