<?xml version="1.0" encoding="UTF-8" ?>

<project name="Java DB Properties" default="all" basedir=".">

  <property name="JAVAC" value="F:\\java\\jdk1.7.0\\bin\\javac"/>
  <property name="JAVA" value="F:\\java\jdk1.7.0\\bin\\java"/>
  <property name="PROPERTIESFILE" value="properties/javadb-sample-properties.xml"/>
  <property name="MYSQLDRIVER" value="F:\\MySQL\\mysql-connector-java-5.0.8\\mysql-connector-java-5.0.8-bin.jar"/>
  <property name="JAVADBDRIVER" value="F:\\java\\JavaDB\\lib\\derby.jar"/>

  <property name="DB.VENDOR" value="javadb"/>
  <property name="DB.DRIVER" value="org.apache.derby.jdbc.EmbeddedDriver"/>
  <property name="DB.HOST" value="localhost"/>
  <property name="DB.PORT" value="3306"/>
  <property name="DB.SID" value="testdb"/>
  <property name="DB.URL" value="jdbc:derby:${DB.SID};create=true;"/>
  <property name="DB.USER" value=""/>
  <property name="DB.PASSWORD" value=""/>
  <property name="DB.DELIMITER" value=";"/>


  <!--


  driver="${db.driver}"
      url="${db.url}"
      userid="${db.user}"
      password="${db.password}" classpathref="db.classpath"
      delimiter="${db.delimiter}" autocommit="false" onerror="abort">

      -->



</project>


